doc_name,doc_path,date
Void Cheque,C:\Users\ahmad\Documents\CYBER.SAMURAI\OneDrive\OMNIRECORDS-LIBRARY\archives\void-cheque,2024-01-15
T4 2022,C:\Users\ahmad\Documents\CYBER.SAMURAI\OneDrive\OMNIRECORDS-LIBRARY\archives\t4-2022,2024-01-15
Speeding Ticket Paid,C:\Users\ahmad\Documents\CYBER.SAMURAI\OneDrive\OMNIRECORDS-LIBRARY\archives\speeding-ticket-paid,2024-01-02
ShelterLogic Manual,C:\Users\ahmad\Documents\CYBER.SAMURAI\OneDrive\OMNIRECORDS-LIBRARY\archives\shelterlogic-manual,2024-01-02
Resume,C:\Users\ahmad\Documents\CYBER.SAMURAI\OneDrive\OMNIRECORDS-LIBRARY\archives\resume,2024-01-15
Releve 1 2022,C:\Users\ahmad\Documents\CYBER.SAMURAI\OneDrive\OMNIRECORDS-LIBRARY\archives\releve-1-2022,2024-01-15
QST Registration Certificate,C:\Users\ahmad\Documents\CYBER.SAMURAI\OneDrive\OMNIRECORDS-LIBRARY\archives\qst-registration-certificate,2024-01-15
ClicSecure Access Code,C:\Users\ahmad\Documents\CYBER.SAMURAI\OneDrive\OMNIRECORDS-LIBRARY\archives\clicsecure-access-code,2024-01-15
Blood Test Results,C:\Users\ahmad\Documents\CYBER.SAMURAI\OneDrive\OMNIRECORDS-LIBRARY\archives\blood-test-results,2024-01-15
